university,degree,median_entry_salary
Anglia Ruskin University,Bachelor of Science (BS / BSc),30591.610008699383
Anglia Ruskin University,Bachelor of Arts (BA),25780.266561998564
Anglia Ruskin University,Bachelor's Degree,31899.68711651886
Anglia Ruskin University,Bachelor of Engineering (BEng / BE),32426.96017460881
Anglia Ruskin University,Master of Arts (MA),27752.85710181689
Anglia Ruskin University,Master of Science (MS),33280.00114425074
Anglia Ruskin University,Master of Business Administration (MBA),37250.00042695923
Anglia Ruskin University,Doctor of Philosophy (PhD),34500.000853918464
Anglia Ruskin University,Post Graduate Diploma,39305.40728933231
Anglia Ruskin University,Bachelor of Music (BMus / BM),19055.000461115967
Anglia Ruskin University,"Bachelor of Science (BS / BSc), Building Surveying",35999.99935956115
Anglia Ruskin University,"Bachelor's Degree, Interior Design",22999.99914608154
Anglia Ruskin University,Master of Management (MMgt / MM),25961.538856286275
Anglia Ruskin University,Master's Degree,28500.000426959232
Aston University,Bachelor of Science (BS / BSc),31516.502782469703
Aston University,Bachelor of Engineering (BEng / BE),34218.72734762106
Aston University,Master of Science (MS),32078.551098469623
Aston University,Master of Engineering (MEng / ME),27837.991555580506
Aston University,Doctor of Philosophy (PhD),42720.2800072511
Aston University,Bachelor's Degree,35000.0
Aston University,Master of Arts (MA),37999.999146081536
Aston University,Master of Computer Science (MCS),45000.0
Aston University,Bachelor of Arts (BA),22000.00085391846
Aston University,Bachelor of Business Studies (BBS),30750.00085391846
Aston University,Bachelor of Accountancy (BAcc),60000.0
Aston University,"Bachelor of Science, Mechanical Engineering (BSME)",30574.99987191223
Bournemouth University,Bachelor of Arts (BA),26211.25730716465
Bournemouth University,Bachelor of Science (BS / BSc),30662.749673768307
Bournemouth University,Bachelor's Degree,29991.073999914184
Bournemouth University,Master of Science (MS),31638.282902203282
Bournemouth University,Bachelor of Engineering (BEng / BE),33459.94969353332
Bournemouth University,Master of Arts (MA),26674.80187720101
Bournemouth University,Bachelor of Business Studies (BBS),36999.999786520384
Bournemouth University,Graduate Certificate,35000.0
Bournemouth University,Master of Management (MMgt / MM),29073.00531188847
Bournemouth University,Certificate (Cert),32000.00085391846
Bournemouth University,"Bachelor of Arts (BA), Public Relations (PR)",24565.879555832667
Bournemouth University,"Certificate (Cert), Retail Management",20000.0
Bournemouth University,Bachelor of Finance (BFin),33624.999146081536
Bournemouth University,Master of Engineering (MEng / ME),26800.000341567385
Bournemouth University,"Bachelor of Science (BS / BSc), Product Design",40000.0
Bristol University,Bachelor of Science (BS / BSc),35611.99704546482
Bristol University,Bachelor of Arts (BA),35412.683006961655
Bristol University,Master of Science (MS),37731.14206788021
Bristol University,Master of Engineering (MEng / ME),40193.08658026607
Bristol University,Doctor of Philosophy (PhD),49131.759111665335
Bristol University,Bachelor of Engineering (BEng / BE),62682.99899579189
Bristol University,Master of Computer Science (MCS),34400.000597742925
Bristol University,Bachelor's Degree,36815.998503934854
Bristol University,"Bachelor of Science, Mechanical Engineering (BSME)",40000.0
Bristol University,"Bachelor of Science (BS / BSc), Computer Science (CS)",37200.001366269535
Bristol University,Master of Mechanical Engineering (MME),49910.044789732725
Bristol University,Master of Philosophy (MPhil),44149.500415004375
Bristol University,Master of Arts (MA),22699.99997865204
Bristol University,Master of Civil Engineering (MCE),41493.97544572868
Bristol University,Bachelor of Theology (BTh),18750.0
"Brunel University, London",Bachelor of Science (BS / BSc),31614.023944318866
"Brunel University, London",Bachelor of Engineering (BEng / BE),36250.0
"Brunel University, London",Bachelor of Arts (BA),30282.341283056725
"Brunel University, London",Master of Science (MS),33633.44390262081
"Brunel University, London",Bachelor's Degree,23007.84537922441
"Brunel University, London",Master of Engineering (MEng / ME),56099.22409032417
"Brunel University, London",Master of Computer Science (MCS),58958.110933998425
"Brunel University, London",Doctor of Philosophy (PhD),45000.0
"Brunel University, London",Master of Business Administration (MBA),81999.99658432616
"Brunel University, London",Bachelor of Civil Law (BCL),65000.0
"Brunel University, London","Master of Engineering (MEng / ME), Mechanical Engineering (ME)",38499.99829216308
"Brunel University, London",Master of Arts (MA),31999.999786520384
"Brunel University, London",Bachelor of Business Studies (BBS),26000.000426959232
Cardiff University,Bachelor of Science (BS / BSc),31251.363186050767
Cardiff University,Bachelor of Arts (BA),25284.333768197044
Cardiff University,Master of Science (MS),34233.85560141034
Cardiff University,Bachelor of Engineering (BEng / BE),36407.17242054117
Cardiff University,Doctor of Philosophy (PhD),36745.59966249955
Cardiff University,Master of Arts (MA),27500.0
Cardiff University,Master of Engineering (MEng / ME),34492.753403476134
Cardiff University,Bachelor's Degree,23874.999786520384
Cardiff University,Master of Business Administration (MBA),40249.99957304077
Cardiff University,"Bachelor of Science, Mechanical Engineering (BSME)",32625.00085391846
Cardiff University,Bachelor of Business Studies (BBS),22000.00085391846
Cardiff University,Executive Masters of Business Administration (Exec MBA),45000.0
Cardiff University,Bachelor of Accountancy (BAcc),40200.00051235108
Cardiff University,Certificate (Cert),40000.0
Cardiff University,Doctorate (PhD),52042.50037572412
Cardiff University,Master of Environmental Science (MESc),23500.000426959232
Cardiff University,Master of Civil Engineering (MCE),36438.3557717958
Cardiff University,"Bachelor of Science (BS / BSc), Applied Mathematics",47390.00035864575
Cardiff University,Master of Philosophy (MPhil),43500.00042695923
City University - London,Bachelor of Science (BS / BSc),32894.70264452225
City University - London,Master of Science (MS),45431.53581144619
City University - London,Bachelor of Arts (BA),32114.617571507257
City University - London,Bachelor of Engineering (BEng / BE),39367.492008485606
City University - London,Master of Arts (MA),26499.999573040768
City University - London,Bachelor's Degree,25490.196283621295
City University - London,Master of Computer Science (MCS),25500.000213479616
City University - London,Doctor of Philosophy (PhD),39500.000853918464
City University - London,"Bachelor of Science (BS / BSc), Mathematics",26000.000426959232
City University - London,"Bachelor of Science, Mechanical Engineering (BSME)",70000.0
City University - London,Master of Journalism (MJ),41000.00042695923
City University - London,Bachelor of Music (BMus / BM),40000.0
Coventry University,Bachelor of Arts (BA),25444.173183646006
Coventry University,Bachelor of Science (BS / BSc),30276.02394229422
Coventry University,Bachelor of Engineering (BEng / BE),30537.895864862716
Coventry University,Master of Science (MS),30021.245434078985
Coventry University,Master of Arts (MA),36800.000341567385
Coventry University,Bachelor's Degree,27673.747664164497
Coventry University,Master of Engineering (MEng / ME),28342.259449581874
Coventry University,Doctor of Philosophy (PhD),42906.975808986
Coventry University,Master of Computer Science (MCS),39036.59605897725
Coventry University,Master of Business Administration (MBA),51219.51219512193
Coventry University,Bachelor of Business Studies (BBS),20400.001024702153
Coventry University,Master of Design (MDes),30000.0
Coventry University,"Bachelor of Science, Mechanical Engineering (BSME)",41250.0
Coventry University,Certificate (Cert),22999.99914608154
Coventry University,"Master of Business Administration (MBA), Innovation Management",45000.0
Coventry University,"Master of Business Administration (MBA), Finance",45967.500290332275
Coventry University,Higher National Diploma (HND),50557.00033815171
Coventry University,Post Graduate Certificate,21999.999786520384
Coventry University,"Master of Business Administration (MBA), International Marketing",17999.99914608154
Coventry University,Bachelor of Business Administration (BBA),41904.76267929109
Coventry University,Bachelor of Commerce (BCom),41999.999786520384
Coventry University,Graduate Certificate,27500.0
Coventry University,Bachelor of Business (BB),34250.00128087769
Coventry University,Bachelor of Technology (BT / BTech),38974.35852522365
Cranfield University,Master of Science (MS),36850.900982527346
Cranfield University,Bachelor of Science (BS / BSc),45202.60167133629
Cranfield University,Bachelor of Engineering (BEng / BE),43229.03129179093
Cranfield University,Doctor of Philosophy (PhD),41018.605948124256
Cranfield University,Master of Engineering (MEng / ME),29073.00531188847
Cranfield University,"Bachelor of Science, Mechanical Engineering (BSME)",35248.226529430045
Cranfield University,Bachelor of Arts (BA),30520.944533000766
Cranfield University,Master of Design (MDes),34392.231378165765
Cranfield University,Master of Business Administration (MBA),75000.0
Cranfield University,Post Graduate Certificate,50000.0
Cranfield University,Master of Philosophy (MPhil),55000.0
Cranfield University,Master of Management (MMgt / MM),66499.9985056427
Cranfield University,"Master of Business Administration (MBA), Business Management",89500.00085391846
Cranfield University,Master of Mechanical Engineering (MME),39500.000853918464
Cranfield University,Master of Computer Science (MCS),29050.000768526614
De Montfort University - Leicester,Bachelor of Arts (BA),25596.26561413186
De Montfort University - Leicester,Bachelor of Science (BS / BSc),31846.574396909575
De Montfort University - Leicester,Master of Science (MS),32006.190537900817
De Montfort University - Leicester,Bachelor's Degree,25000.0
De Montfort University - Leicester,Bachelor of Engineering (BEng / BE),35000.0
De Montfort University - Leicester,Master of Arts (MA),24565.879555832667
De Montfort University - Leicester,"Bachelor of Arts (BA), Graphic Design",23958.332870052916
De Montfort University - Leicester,"Bachelor of Science (BS / BSc), Computer Science (CS)",20499.99914608154
De Montfort University - Leicester,Bachelor of Design (BDes),37249.99935956115
Glasgow Caledonian University,Bachelor of Science (BS / BSc),28373.544055912258
Glasgow Caledonian University,Bachelor of Arts (BA),25153.0942463762
Glasgow Caledonian University,Bachelor of Engineering (BEng / BE),30499.99914608154
Glasgow Caledonian University,Master of Science (MS),35445.36587413593
Glasgow Caledonian University,Bachelor's Degree,37850.60971396918
Glasgow Caledonian University,Doctor of Philosophy (PhD),37500.0
Glasgow Caledonian University,Bachelor of Accountancy (BAcc),24500.00085391846
Glasgow Caledonian University,Master of Mechanical Engineering (MME),32849.31490394456
Glasgow Caledonian University,Bachelor of Business (BB),25999.999359561156
Glasgow Caledonian University,Master of Management (MMgt / MM),19225.000683134767
"Imperial College, London",Bachelor of Science (BS / BSc),37732.358300154796
"Imperial College, London",Bachelor of Engineering (BEng / BE),39239.772400357826
"Imperial College, London",Master of Engineering (MEng / ME),44693.24627830601
"Imperial College, London",Master of Science (MS),36426.39559825416
"Imperial College, London",Doctor of Philosophy (PhD),41375.847724806285
"Imperial College, London",Bachelor of Arts (BA),62999.999146081536
"Imperial College, London",Master of Business Administration (MBA),104451.40557546572
"Imperial College, London",Master of Computer Science (MCS),45000.0
"Imperial College, London",Doctorate (PhD),32969.6972221871
"Imperial College, London",Master of Mechanical Engineering (MME),27000.00085391846
"Imperial College, London","Bachelor of Science, Mechanical Engineering (BSME)",57999.999146081536
"Imperial College, London","Master of Science (MS), Mathematics",51000.00042695923
"Imperial College, London","Bachelor of Science (BS / BSc), Mathematics",46995.001161329106
"Imperial College, London",Master of Management (MMgt / MM),53500.00042695923
King's College London,Bachelor of Science (BS / BSc),38729.495655215935
King's College London,Bachelor of Arts (BA),29222.825391248436
King's College London,Master of Science (MS),32640.908069523288
King's College London,Master of Arts (MA),32131.746968724095
King's College London,Doctor of Philosophy (PhD),44477.98456069856
King's College London,Bachelor of Engineering (BEng / BE),33703.70370370369
King's College London,Bachelor of Music (BMus / BM),26000.000426959232
King's College London,Bachelor's Degree,31492.064125886583
King's College London,Master of Computer Science (MCS),40000.0
King's College London,Master of Public Health (MPH),48750.0
King's College London,Master of Engineering (MEng / ME),46499.99957304077
King's College London,Master of Public Policy (MPP),36500.00064043885
King's College London,Doctorate (PhD),52457.1427595521
King's College London,"Bachelor of Science (BS / BSc), Biomedical Sciences",37999.999146081536
Kingston University,Bachelor of Science (BS / BSc),30064.820918659603
Kingston University,Bachelor of Arts (BA),27568.03462468535
Kingston University,Master of Science (MS),31754.64219543405
Kingston University,Bachelor of Engineering (BEng / BE),39684.54363035838
Kingston University,Master of Arts (MA),30520.944533000817
Kingston University,Bachelor's Degree,28212.499957304077
Kingston University,Bachelor of Business Studies (BBS),43299.99991460815
Kingston University,Master of Computer Science (MCS),31067.920087839426
Kingston University,Bachelor of Business Administration (BBA),33202.79975288306
Kingston University,Bachelor of Music (BMus / BM),21000.000426959232
Kingston University,Higher National Diploma (HND),33999.99957304077
Kingston University,"Master of Business Administration (MBA), Strategy",63464.5673765026
Kingston University,Bachelor of Fine Arts (BFA),25000.0
Kingston University,Master of Design (MDes),24416.75519202732
Kingston University,Bachelor of Accountancy (BAcc),27500.0
Kingston University,Bachelor of Design (BDes),20347.296355333856
Kingston University,Bachelor of Arts and Science (BASc),23399.389939887355
Kingston University,"Bachelor of Science, Mechanical Engineering (BSME)",25000.0
Kingston University,Master of Engineering (MEng / ME),92999.99914608154
Kingston University,"Master of Business Administration (MBA), Project Management",85000.0
Kingston University,Doctor of Philosophy (PhD),46499.99957304077
Kingston University,Master of Architecture (MArch),30000.0
Kingston University,"Master of Business Administration (MBA), Business Administration",36942.99966184829
Kingston University,Doctorate (PhD),42999.999146081536
Kingston University,Post Graduate Diploma,104757.9423155795
Kingston University,Bachelor of Humanities (BHum),32500.0
Kingston University,Bachelor of Technology (BT / BTech),30719.328444538787
Kingston University,Bachelor of Business (BB),26750.000213479616
Leeds Metropolitan University,Bachelor of Science (BS / BSc),31042.430524862204
Leeds Metropolitan University,Bachelor of Arts (BA),29343.590500231116
Leeds Metropolitan University,Bachelor's Degree,27513.78426344229
Leeds Metropolitan University,Master of Science (MS),34782.346001676095
Leeds Metropolitan University,Bachelor of Engineering (BEng / BE),32492.307718582055
Leeds Metropolitan University,Master of Computer Science (MCS),35914.00016395235
Leeds Metropolitan University,Master of Arts (MA),25000.0
Leeds Metropolitan University,Bachelor of Business Studies (BBS),18312.56585105387
Leeds Metropolitan University,"Bachelor of Arts (BA), Event Management",27999.99914608154
Leeds Metropolitan University,Associate's Degree,35459.999470570554
Leeds Metropolitan University,"Bachelor of Science (BS / BSc), Construction Project Management",27999.99914608154
Leeds Metropolitan University,Bachelor of Business (BB),45000.0
Leeds Metropolitan University,Higher National Diploma (HND),55512.50157974915
Liverpool John Moores University,Bachelor of Science (BS / BSc),27984.953040789056
Liverpool John Moores University,Bachelor of Arts (BA),24400.6649172042
Liverpool John Moores University,Master of Science (MS),32472.039395070115
Liverpool John Moores University,Bachelor of Engineering (BEng / BE),30183.28822838366
Liverpool John Moores University,Master of Engineering (MEng / ME),27468.850948447314
Liverpool John Moores University,Bachelor's Degree,24013.727796851374
Liverpool John Moores University,Master of Arts (MA),29750.000426959232
Liverpool John Moores University,Graduate Certificate,30997.99999388442
Liverpool John Moores University,Doctorate (PhD),48521.49995901191
Liverpool John Moores University,Bachelor of Education (BEd),34748.20187197357
Liverpool John Moores University,"Certificate (Cert), Civil Engineering (CE)",23500.000426959232
Liverpool John Moores University,Bachelor of Accountancy (BAcc),22500.0
London Metropolitan University,Bachelor of Arts (BA),29134.065641991085
London Metropolitan University,Bachelor of Science (BS / BSc),31627.200967466357
London Metropolitan University,Master of Arts (MA),35801.92900816751
London Metropolitan University,Master of Science (MS),30261.059274137813
London Metropolitan University,Master of Computer Science (MCS),27964.28597378326
London Metropolitan University,Bachelor's Degree,31444.005140641468
London Metropolitan University,Bachelor of Engineering (BEng / BE),38000.000213479616
London Metropolitan University,Doctor of Philosophy (PhD),41864.18805530144
London Metropolitan University,Bachelor of Business Administration (BBA),45000.0
London Metropolitan University,Higher National Diploma (HND),30672.63434868885
London Metropolitan University,Master of Engineering (MEng / ME),33000.000213479616
London Metropolitan University,"Graduate Certificate, Psychology",42603.99872936933
London Metropolitan University,Associate's Degree,30000.0
London South Bank University,Bachelor of Science (BS / BSc),29767.69872480371
London South Bank University,Master of Science (MS),30981.64626845321
London South Bank University,Bachelor of Engineering (BEng / BE),30134.74005613824
London South Bank University,Bachelor of Arts (BA),27634.376596572572
London South Bank University,Bachelor's Degree,32800.00076852662
London South Bank University,Master of Computer Science (MCS),33351.99927929282
London South Bank University,Doctor of Philosophy (PhD),61000.00042695923
London South Bank University,"Bachelor of Science, Electrical Engineering (BSEE)",47374.999146081536
London South Bank University,Bachelor of Business Administration (BBA),36900.000597742925
London South Bank University,"Master of Business Administration (MBA), General Business",35436.619878049
London South Bank University,Post Graduate Diploma,37737.500341567385
London South Bank University,Bachelor of Technology (BT / BTech),57000.000853918464
Loughborough University,Bachelor of Science (BS / BSc),32867.43193181853
Loughborough University,Bachelor of Arts (BA),29641.900058367464
Loughborough University,Master of Science (MS),35456.1069353845
Loughborough University,Bachelor of Engineering (BEng / BE),35214.64264002092
Loughborough University,Master of Engineering (MEng / ME),36059.10222367267
Loughborough University,Doctor of Philosophy (PhD),38474.436663562214
Loughborough University,Bachelor's Degree,33432.83628694591
Loughborough University,"Bachelor of Science, Mechanical Engineering (BSME)",34204.3787069879
Loughborough University,Master of Mechanical Engineering (MME),32749.999573040768
Loughborough University,Master of Arts (MA),25000.0
Loughborough University,Bachelor of Industrial Design (BID),24015.7235878407
Loughborough University,Doctor of Science (DS),30000.0
Loughborough University,"Bachelor of Science, Electrical Engineering (BSEE)",42000.000853918464
Loughborough University,Doctorate (PhD),29499.999786520384
Loughborough University,"Master of Engineering (MEng / ME), Mechanical Engineering (ME)",30143.282896253593
Loughborough University,Master of Computer Science (MCS),44500.000853918464
Loughborough University,"Bachelor of Engineering (BEng / BE), Aeronautical Engineering",30178.926053220915
Loughborough University,Bachelor of Business (BB),43500.00042695923
Middlesex University,Bachelor of Arts (BA),28025.305480356383
Middlesex University,Bachelor of Science (BS / BSc),27939.02640373057
Middlesex University,Master of Science (MS),34616.49701016827
Middlesex University,Master of Computer Science (MCS),35999.99829216308
Middlesex University,Master of Arts (MA),35499.999146081536
Middlesex University,Bachelor of Business Administration (BBA),40000.0
Middlesex University,Bachelor's Degree,23489.36105231464
Middlesex University,Bachelor of Engineering (BEng / BE),37500.0
Middlesex University,Bachelor of Technology (BT / BTech),25000.0
Middlesex University,Bachelor of Business Studies (BBS),42999.999146081536
Middlesex University,Bachelor of Accountancy (BAcc),33999.99957304077
Middlesex University,"Master of Business Administration (MBA), Business Administration",77500.0
Middlesex University,Bachelor of Business (BB),56250.0
Middlesex University,Executive Masters of Business Administration (Exec MBA),185000.0
Napier University (Edinburgh),Bachelor of Science (BS / BSc),29890.249945510222
Napier University (Edinburgh),Bachelor of Arts (BA),25211.4490049695
Napier University (Edinburgh),Bachelor of Engineering (BEng / BE),35000.0
Napier University (Edinburgh),Master of Science (MS),35653.96452565293
Napier University (Edinburgh),Bachelor's Degree,29000.000640438848
Napier University (Edinburgh),Bachelor of Design (BDes),24499.999786520384
Napier University (Edinburgh),"Bachelor of Science, Mechanical Engineering (BSME)",17904.000031594984
Napier University (Edinburgh),"Bachelor of Engineering (BEng / BE), Software Engineering",48000.000213479616
Napier University (Edinburgh),Master of Computer Science (MCS),52000.000853918464
Open University - England,Bachelor of Science (BS / BSc),27971.148073214506
Open University - England,Bachelor of Arts (BA),30967.74233534165
Open University - England,Bachelor's Degree,25412.748399193104
Open University - England,Master of Business Administration (MBA),49105.01873023232
Open University - England,Bachelor of Engineering (BEng / BE),31800.000341567385
Open University - England,Master of Science (MS),43748.5714090532
Open University - England,Certificate (Cert),36499.99957304077
Open University - England,Post Graduate Diploma,51499.99957304077
Open University - England,Master of Arts (MA),23059.496904624924
Open University - England,Post Graduate Certificate,32500.0
Open University - England,Bachelor of Business Administration (BBA),47999.999146081536
Open University - England,Bachelor of Arts and Science (BASc),31000.000426959232
Open University - England,Master of Engineering (MEng / ME),28000.000213479616
Open University - England,Master of Education (MEd),29750.000426959232
Open University - England,"Master of Business Administration (MBA), Business Administration",68250.00085391846
Open University - England,"Bachelor of Science (BS / BSc), Mathematics",60950.00029887146
Open University - England,"Master of Business Administration (MBA), Strategy",73500.00042695923
Oxford Brookes University,Bachelor of Science (BS / BSc),29048.097837322224
Oxford Brookes University,Bachelor of Arts (BA),28300.99032162531
Oxford Brookes University,Master of Science (MS),30017.051291687643
Oxford Brookes University,Master of Arts (MA),28114.606794328178
Oxford Brookes University,Bachelor's Degree,35668.97917098263
Oxford Brookes University,Bachelor of Engineering (BEng / BE),32944.65775060445
Oxford Brookes University,Bachelor of Business (BB),29749.999359561156
Oxford Brookes University,Master of Architecture (MArch),30000.0
Oxford Brookes University,Doctor of Philosophy (PhD),39384.0003005793
Oxford Brookes University,Master of Engineering (MEng / ME),32000.00085391846
Oxford Brookes University,Certificate (Cert),22500.0
Oxford Brookes University,Bachelor of Business Administration (BBA),85000.0
Oxford Brookes University,Master of Computer Science (MCS),31499.999573040768
Oxford Brookes University,Bachelor of Accountancy (BAcc),48689.99941933544
Oxford Brookes University,"Bachelor of Science, Mechanical Engineering (BSME)",32800.00076852662
Oxford University,Bachelor of Arts (BA),35676.32261889376
Oxford University,Master of Science (MS),40311.94708960663
Oxford University,Bachelor of Science (BS / BSc),38618.049190492195
Oxford University,Master of Arts (MA),45000.0
Oxford University,Doctor of Philosophy (PhD),42865.89926147768
Oxford University,Master of Engineering (MEng / ME),37999.999146081536
Oxford University,Bachelor of Engineering (BEng / BE),42749.99957304077
Oxford University,Bachelor's Degree,28276.117670039053
Oxford University,Doctorate (PhD),51414.69132495301
Oxford University,Master of Philosophy (MPhil),38441.55890243536
Oxford University,Bachelor of Music (BMus / BM),45000.0
Oxford University,Master's Degree,55500.000213479616
Oxford University,Master of Liberal Arts (MLA),24499.999786520384
Oxford University,Master of Public Policy (MPP),40000.0
Oxford University,Master of Journalism (MJ),23958.332870052916
Oxford University,"Bachelor of Science, Mechanical Engineering (BSME)",51000.00042695923
Oxford University,"Bachelor of Arts (BA), History",29249.99914608154
Oxford University,Bachelor of Philosophy (BPh / PhB),49282.49928270849
Sheffield Hallam University,Bachelor of Science (BS / BSc),30049.46485390147
Sheffield Hallam University,Bachelor of Arts (BA),24276.33041926346
Sheffield Hallam University,Bachelor of Engineering (BEng / BE),33371.635566179066
Sheffield Hallam University,Master of Science (MS),29872.893086201857
Sheffield Hallam University,Bachelor's Degree,23580.16393060346
Sheffield Hallam University,Master of Arts (MA),28851.03104159231
Sheffield Hallam University,Bachelor of Business Studies (BBS),25850.001110094
Sheffield Hallam University,Master of Engineering (MEng / ME),29750.000426959232
Sheffield Hallam University,Bachelor of Design (BDes),18246.575111399772
Sheffield Hallam University,Graduate Certificate,27182.500307410646
Sheffield Hallam University,Doctor of Philosophy (PhD),42049.99991460815
Sheffield Hallam University,Certificate (Cert),38999.99957304077
Sheffield Hallam University,Master of Computer Science (MCS),49131.759111665335
Sheffield Hallam University,Master of Design (MDes),18500.000426959232
Sheffield Hallam University,Higher National Diploma (HND),33780.000290332275
Sheffield Hallam University,Master of Mechanical Engineering (MME),30000.0
Sheffield Hallam University,Post Graduate Certificate,40499.999146081536
Sheffield Hallam University,"Bachelor's Degree, Software Engineering",50000.0
Sheffield Hallam University,Master of Business Administration (MBA),62325.002220188
Southampton Solent University,Bachelor of Arts (BA),25301.27236273594
Southampton Solent University,Bachelor of Science (BS / BSc),26748.26860526664
Southampton Solent University,Bachelor of Engineering (BEng / BE),28961.580714080774
Southampton Solent University,Bachelor's Degree,25675.850007773886
Southampton Solent University,Master of Science (MS),26490.566670346856
Southampton Solent University,Master of Arts (MA),23260.000239097168
Southampton Solent University,Higher National Diploma (HND),22382.02685961383
Southampton Solent University,Certificate (Cert),23099.99940225708
Staffordshire University,Bachelor of Science (BS / BSc),28862.711852446017
Staffordshire University,Bachelor of Arts (BA),28312.80397935617
Staffordshire University,Bachelor of Engineering (BEng / BE),35553.32863368134
Staffordshire University,Master of Science (MS),36284.99891552355
Staffordshire University,Bachelor's Degree,24546.089116664665
Staffordshire University,Master of Computer Science (MCS),39240.03926856925
Staffordshire University,Master of Arts (MA),19000.000106739808
Staffordshire University,Bachelor of Technology (BT / BTech),21599.999829216307
Staffordshire University,Master of Engineering (MEng / ME),30000.0
Staffordshire University,Doctor of Philosophy (PhD),32000.00085391846
Staffordshire University,Master of Philosophy (MPhil),106999.99658432616
Staffordshire University,Higher National Diploma (HND),34360.000922231935
Staffordshire University,"Master of Business Administration (MBA), Strategy",70999.99829216307
Staffordshire University,"Executive Masters of Business Administration (Exec MBA), Finance",106999.99658432616
Staffordshire University,Master of Business Administration (MBA),35000.0
Staffordshire University,"Bachelor of Science (BS / BSc), Computer Science (CS)",30499.99914608154
Staffordshire University,"Bachelor of Science, Mechanical Engineering (BSME)",36000.00042695923
The Manchester Metropolitan University,Bachelor of Arts (BA),24766.302439250103
The Manchester Metropolitan University,Bachelor of Science (BS / BSc),29362.603747172565
The Manchester Metropolitan University,Master of Science (MS),27999.99914608154
The Manchester Metropolitan University,Bachelor's Degree,25000.0
The Manchester Metropolitan University,Bachelor of Engineering (BEng / BE),27553.728168324396
The Manchester Metropolitan University,Master of Computer Science (MCS),42729.323214947704
The Manchester Metropolitan University,Master of Arts (MA),28999.999573040768
The Manchester Metropolitan University,Executive Masters of Business Administration (Exec MBA),65000.0
The Manchester Metropolitan University,Bachelor of Philosophy (BPh / PhB),50999.99829216308
The Manchester Metropolitan University,Associate's Degree,27800.000768526614
The Manchester Metropolitan University,"Bachelor of Science (BS / BSc), Geography",71999.9987191223
The Nottingham Trent University,Bachelor of Science (BS / BSc),28875.3347981974
The Nottingham Trent University,Bachelor of Arts (BA),25142.706876575543
The Nottingham Trent University,Master of Science (MS),26962.96279663039
The Nottingham Trent University,Bachelor's Degree,35158.913192424574
The Nottingham Trent University,Bachelor of Engineering (BEng / BE),51690.820458896575
The Nottingham Trent University,Master of Arts (MA),23439.99984629468
The Nottingham Trent University,Doctor of Philosophy (PhD),47742.6087646399
The Nottingham Trent University,Graduate Certificate,40332.81634457972
The Nottingham Trent University,Certificate (Cert),24650.000170783693
The Nottingham Trent University,Post Graduate Certificate,42500.0
The Nottingham Trent University,Bachelor of Arts and Science (BASc),24700.000298871462
The Nottingham Trent University,Bachelor of Humanities (BHum),19440.261067174248
The Robert Gordon University,Bachelor of Science (BS / BSc),27307.14846718624
The Robert Gordon University,Bachelor of Arts (BA),25003.843610248627
The Robert Gordon University,Bachelor's Degree,27999.99914608154
The Robert Gordon University,Bachelor of Engineering (BEng / BE),29671.440301117418
The Robert Gordon University,Master of Science (MS),30876.104933342944
The Robert Gordon University,Master of Management (MMgt / MM),35000.0
The Robert Gordon University,"Bachelor's Degree, Business Management",26499.999573040768
The Robert Gordon University,Bachelor of Business Administration (BBA),43999.99957304077
The Robert Gordon University,Master of Engineering (MEng / ME),29671.440301117418
The University of Brighton,Bachelor of Arts (BA),24571.24873679606
The University of Brighton,Bachelor of Science (BS / BSc),26309.360623320492
The University of Brighton,Bachelor's Degree,24416.75519202732
The University of Brighton,Master of Science (MS),30025.99968234233
The University of Brighton,Bachelor of Engineering (BEng / BE),24008.688204325925
The University of Brighton,Master of Engineering (MEng / ME),35100.00025617554
The University of Brighton,"Bachelor of Engineering (BEng / BE), Mechanical Engineering (ME)",23999.999573040768
The University of Brighton,Master of Arts (MA),25500.000213479616
The University of Cambridge,Bachelor of Arts (BA),39862.80351062153
The University of Cambridge,Bachelor of Science (BS / BSc),49403.56968382792
The University of Cambridge,Doctor of Philosophy (PhD),50000.0
The University of Cambridge,Master of Engineering (MEng / ME),44254.90661760736
The University of Cambridge,Bachelor of Engineering (BEng / BE),45781.416799501196
The University of Cambridge,Master of Philosophy (MPhil),52801.037911287975
The University of Cambridge,Master of Arts (MA),47999.999146081536
The University of Cambridge,Master of Science (MS),23489.36105231464
The University of Cambridge,"Bachelor of Science, Mechanical Engineering (BSME)",52500.0
The University of Cambridge,Bachelor's Degree,42177.515114482914
The University of Cambridge,Master of Computer Science (MCS),60000.0
The University of Cambridge,Doctorate (PhD),45599.999402257075
The University of Cambridge,"Master of Arts (MA), English Literature",52999.999146081536
The University Of Central Lancashire,Bachelor of Arts (BA),26503.592417798358
The University Of Central Lancashire,Bachelor of Science (BS / BSc),29134.42854825679
The University Of Central Lancashire,Bachelor's Degree,25981.048373527534
The University Of Central Lancashire,Master of Science (MS),39443.036724385995
The University Of Central Lancashire,Bachelor of Engineering (BEng / BE),31999.998719122308
The University Of Central Lancashire,Associate's Degree,23500.000426959232
The University Of Central Lancashire,"Bachelor of Arts (BA), Graphic Design",24489.795696085344
The University Of Central Lancashire,"Master of Arts (MA), Computer Animation",26999.999786520384
The University Of Central Lancashire,Doctor of Philosophy (PhD),34300.000341567385
The University of East London,Bachelor of Science (BS / BSc),32043.209645680156
The University of East London,Bachelor of Arts (BA),27429.148884775554
The University of East London,Master of Science (MS),35599.999402257075
The University of East London,Bachelor's Degree,41712.35709977811
The University of East London,Bachelor of Engineering (BEng / BE),27000.00085391846
The University of East London,Master of Architecture (MArch),58999.997438244616
The University of East London,Master of Business Administration (MBA),36999.999786520384
The University of Exeter,Bachelor of Arts (BA),27383.507716232412
The University of Exeter,Bachelor of Science (BS / BSc),31982.831633925423
The University of Exeter,Master of Science (MS),28999.999573040768
The University of Exeter,Bachelor's Degree,27829.044228279683
The University of Exeter,Bachelor of Engineering (BEng / BE),32232.557508678958
The University of Exeter,Doctor of Philosophy (PhD),32826.000450868945
The University of Exeter,Master of Education (MEd),41985.491710343165
The University of Exeter,Bachelor of Humanities (BHum),22166.50054394606
The University of Exeter,Master of Arts (MA),46499.99957304077
The University of Exeter,"Bachelor of Arts (BA), English Literature",28236.48528030874
The University of Exeter,Master of Business Administration (MBA),71499.99957304077
The University of Greenwich,Bachelor of Science (BS / BSc),28877.62498266392
The University of Greenwich,Bachelor of Arts (BA),26909.202115847515
The University of Greenwich,Master of Science (MS),32492.307718582055
The University of Greenwich,Bachelor's Degree,27729.73038217581
The University of Greenwich,Master of Arts (MA),24565.879555832667
The University of Greenwich,Bachelor of Engineering (BEng / BE),27250.000426959232
The University of Greenwich,Master of Engineering (MEng / ME),35000.0
The University of Greenwich,"Bachelor of Science (BS / BSc), Quantity Surveying",49750.00042695923
The University of Greenwich,Master of Public Health (MPH),22247.19144784367
The University of Huddersfield,Bachelor of Arts (BA),24484.73096814336
The University of Huddersfield,Bachelor of Science (BS / BSc),28316.03448173776
The University of Huddersfield,Bachelor's Degree,25000.0
The University of Huddersfield,Bachelor of Engineering (BEng / BE),37993.42022103678
The University of Huddersfield,Master of Science (MS),40249.99957304077
The University of Huddersfield,Certificate (Cert),32500.0
The University of Huddersfield,Master of Engineering (MEng / ME),25490.196283621295
The University of Huddersfield,Master of Arts (MA),27999.99914608154
The University of Huddersfield,Bachelor of Business Studies (BBS),55000.0
The University of Huddersfield,Master of Business Administration (MBA),72496.55167702501
The University of Huddersfield,Bachelor of Design (BDes),25500.000213479616
The University of Hull,Bachelor of Science (BS / BSc),28929.81584032281
The University of Hull,Bachelor of Arts (BA),29201.69537587766
The University of Hull,Master of Science (MS),29491.52520295126
The University of Hull,Bachelor's Degree,22000.00085391846
The University of Hull,Master of Arts (MA),35000.0
The University of Hull,Master of Engineering (MEng / ME),32000.00085391846
The University of Hull,Bachelor of Engineering (BEng / BE),40000.0
The University of Hull,"Bachelor of Science (BS / BSc), Computer Science (CS)",22000.00085391846
The University of Hull,Graduate Certificate,30500.000213479616
The University of Lancaster,Bachelor of Science (BS / BSc),31958.543977604077
The University of Lancaster,Bachelor of Arts (BA),35942.49943133968
The University of Lancaster,Master of Science (MS),30000.0
The University of Lancaster,Bachelor's Degree,27747.747328446832
The University of Lancaster,Bachelor of Business Administration (BBA),39537.47178792234
The University of Lancaster,Doctor of Philosophy (PhD),39000.00170783692
The University of Lancaster,Master's Degree,45749.999786520384
The University of Lancaster,Master of Arts (MA),34749.99935956115
The University of Lancaster,Bachelor of Accountancy (BAcc),33499.99935956115
The University of Leeds,Bachelor of Arts (BA),34701.95737460755
The University of Leeds,Bachelor of Science (BS / BSc),31404.895784668493
The University of Leeds,Master of Science (MS),32640.318153874858
The University of Leeds,Bachelor of Engineering (BEng / BE),34817.13420534081
The University of Leeds,Master of Engineering (MEng / ME),30674.266935713305
The University of Leeds,Bachelor's Degree,36360.911207294324
The University of Leeds,Doctor of Philosophy (PhD),32502.962762226747
The University of Leeds,Master of Arts (MA),33800.00012808777
The University of Leeds,Master of Design (MDes),34392.231378165765
The University of Leeds,Master of Mechanical Engineering (MME),36899.99846294677
The University of Leeds,Master of Business Administration (MBA),70000.0
The University of Leeds,Bachelor of Arts and Science (BASc),36000.00042695923
The University of Leeds,Master of Computer Science (MCS),34499.99871912231
The University of Leeds,"Master of Engineering (MEng / ME), Mechanical Engineering (ME)",29966.666638202718
The University of Leeds,"Bachelor of Arts (BA), Theatre & Drama Studies",31999.998719122308
The University of Leeds,Graduate Certificate,26000.000426959232
The University of Leicester,Bachelor of Science (BS / BSc),33898.63668175266
The University of Leicester,Bachelor of Arts (BA),30506.24340946017
The University of Leicester,Master of Science (MS),37999.999146081536
The University of Leicester,Master of Arts (MA),20249.214647403438
The University of Leicester,Bachelor of Engineering (BEng / BE),38420.7367227891
The University of Leicester,Master of Engineering (MEng / ME),28491.227422048938
The University of Leicester,Doctorate (PhD),38659.86220638772
The University of Leicester,Doctor of Philosophy (PhD),40099.99812137939
The University of Leicester,Master of Business Administration (MBA),50000.0
The University of Leicester,Bachelor's Degree,27500.0
The University of Leicester,Bachelor of Technology (BT / BTech),42899.99995730408
The University of Lincoln,Bachelor of Arts (BA),22733.372158307564
The University of Lincoln,Bachelor of Science (BS / BSc),25434.120444167344
The University of Lincoln,Bachelor's Degree,21488.372723879194
The University of Lincoln,Master of Science (MS),27490.90912196066
The University of Lincoln,Master of Arts (MA),23473.455825411074
The University of Lincoln,Master of Engineering (MEng / ME),25500.000213479616
The University of Manchester,Bachelor of Science (BS / BSc),33031.56037223812
The University of Manchester,Bachelor of Arts (BA),28120.169911278736
The University of Manchester,Master of Science (MS),33531.07125757195
The University of Manchester,Bachelor of Engineering (BEng / BE),36000.00042695923
The University of Manchester,Doctor of Philosophy (PhD),33905.69035594563
The University of Manchester,Master of Engineering (MEng / ME),33800.00012808777
The University of Manchester,Bachelor's Degree,30000.0
The University of Manchester,Master of Arts (MA),39900.000846100535
The University of Manchester,Master of Computer Science (MCS),42228.00135260684
The University of Manchester,Doctorate (PhD),57999.999146081536
The University of Manchester,Bachelor of Humanities (BHum),28299.999914608154
The University of Manchester,Master of Architecture (MArch),27624.999786520384
The University of Manchester,Master of Philosophy (MPhil),28999.999573040768
The University of Manchester,Master of Civil Engineering (MCE),30731.7071138802
The University of Manchester,Graduate Certificate,32788.50062165264
The University of Manchester,Bachelor of Philosophy (BPh / PhB),38000.00128087769
The University of Newcastle-upon-Tyne,Bachelor of Science (BS / BSc),33886.250038659186
The University of Newcastle-upon-Tyne,Bachelor of Arts (BA),28883.285352259154
The University of Newcastle-upon-Tyne,Master of Science (MS),30876.104933342944
The University of Newcastle-upon-Tyne,Master of Engineering (MEng / ME),34392.231378165765
The University of Newcastle-upon-Tyne,Bachelor of Engineering (BEng / BE),31297.447597083305
The University of Newcastle-upon-Tyne,Doctor of Philosophy (PhD),30731.7071138802
The University of Newcastle-upon-Tyne,Master of Computer Science (MCS),26014.7155814202
The University of Newcastle-upon-Tyne,Bachelor's Degree,26300.00012808777
The University of Newcastle-upon-Tyne,"Bachelor of Science, Mechanical Engineering (BSME)",41500.00170783692
The University of Newcastle-upon-Tyne,Master of Arts (MA),17999.99914608154
The University of Newcastle-upon-Tyne,Master of Business Administration (MBA),42500.0
The University of Northumbria at Newcastle,Bachelor of Science (BS / BSc),28480.707307259196
The University of Northumbria at Newcastle,Bachelor of Arts (BA),29206.75178632898
The University of Northumbria at Newcastle,Bachelor's Degree,26000.000426959232
The University of Northumbria at Newcastle,Master of Science (MS),30397.55950976932
The University of Northumbria at Newcastle,Bachelor of Engineering (BEng / BE),31625.793494285277
The University of Northumbria at Newcastle,Master of Arts (MA),27999.99914608154
The University of Northumbria at Newcastle,Graduate Certificate,26451.48569630734
The University of Northumbria at Newcastle,Bachelor of Design (BDes),25434.120444167344
The University of Northumbria at Newcastle,Master of Engineering (MEng / ME),50000.0
The University of Northumbria at Newcastle,Bachelor of Business (BB),23499.999359561156
The University of Northumbria at Newcastle,Bachelor of Business Administration (BBA),53981.48103856253
The University of Northumbria at Newcastle,Bachelor of Business Studies (BBS),30000.0
The University of Northumbria at Newcastle,Bachelor of Civil Law (BCL),61000.00042695923
The University of Northumbria at Newcastle,Certificate (Cert),16670.50040475735
The University of Nottingham,Bachelor of Science (BS / BSc),31069.461435348934
The University of Nottingham,Bachelor of Arts (BA),27930.27364023252
The University of Nottingham,Master of Science (MS),31100.38273152177
The University of Nottingham,Master of Engineering (MEng / ME),32298.920027743883
The University of Nottingham,Bachelor of Engineering (BEng / BE),36854.23720708561
The University of Nottingham,Doctor of Philosophy (PhD),38494.71976987346
The University of Nottingham,Bachelor's Degree,26796.763384656406
The University of Nottingham,Master of Arts (MA),27047.612116276356
The University of Nottingham,Master of Computer Science (MCS),28142.507824594522
The University of Nottingham,"Bachelor of Engineering (BEng / BE), Mechanical Engineering (ME)",27232.207353575905
The University of Nottingham,"Bachelor of Science, Mechanical Engineering (BSME)",38255.87465190418
The University of Nottingham,Master of Business Administration (MBA),180000.0
The University of Nottingham,Bachelor of Architecture (BArch),45000.0
The University of Nottingham,Master of Mechanical Engineering (MME),37250.00042695923
The University of Nottingham,Master of Architecture (MArch),45000.0
The University of Nottingham,Post Graduate Certificate,53500.00042695923
The University of Portsmouth,Bachelor of Science (BS / BSc),28993.284693791426
The University of Portsmouth,Bachelor of Arts (BA),27479.725602832426
The University of Portsmouth,Bachelor of Engineering (BEng / BE),35659.66360396165
The University of Portsmouth,Master of Science (MS),35237.2542561877
The University of Portsmouth,Bachelor's Degree,20226.073713789192
The University of Portsmouth,Master of Engineering (MEng / ME),29491.52520295126
The University of Portsmouth,Master of Arts (MA),36999.999786520384
The University of Portsmouth,"Bachelor of Science (BS / BSc), Computer Science (CS)",22956.522008703938
The University of Portsmouth,Master of Engineering Management (MEM),69500.00085391846
The University of Portsmouth,Master of Management (MMgt / MM),36000.00042695923
The University of Reading,Bachelor of Science (BS / BSc),40317.501411612284
The University of Reading,Bachelor of Arts (BA),29618.960622495808
The University of Reading,Master of Science (MS),37088.13627140988
The University of Reading,Bachelor's Degree,29660.889429316187
The University of Reading,Doctor of Philosophy (PhD),70000.0
The University of Reading,Master of Arts (MA),29449.999658432615
The University of Reading,Bachelor of Engineering (BEng / BE),110000.0
The University of Reading,Master of Engineering (MEng / ME),35500.000213479616
The University of Reading,"Bachelor of Science (BS / BSc), Building Surveying",28000.000213479616
The University of Reading,"Bachelor of Science (BS / BSc), Computer Science (CS)",50249.99957304077
The University of Reading,Bachelor of Humanities (BHum),24000.000640438844
The University of Salford,Bachelor of Science (BS / BSc),34772.72734573047
The University of Salford,Bachelor of Arts (BA),21597.9797430962
The University of Salford,Master of Science (MS),33832.17682236789
The University of Salford,Bachelor of Engineering (BEng / BE),33273.58105818115
The University of Salford,Bachelor's Degree,24750.000426959232
The University of Salford,Master of Engineering (MEng / ME),30992.139519941076
The University of Salford,Master of Arts (MA),19499.999786520384
The University of Salford,Doctor of Philosophy (PhD),45000.0
The University of Salford,Master of Business Administration (MBA),61124.999146081536
The University of Strathclyde,Bachelor of Science (BS / BSc),30482.771885549897
The University of Strathclyde,Master of Science (MS),34443.6013940429
The University of Strathclyde,Bachelor of Arts (BA),31000.000426959232
The University of Strathclyde,Master of Engineering (MEng / ME),33970.58778285027
The University of Strathclyde,Bachelor of Engineering (BEng / BE),37642.49912611425
The University of Strathclyde,Bachelor's Degree,39779.4910002889
The University of Strathclyde,Doctorate (PhD),35515.914125049865
The University of Strathclyde,"Bachelor of Science (BS / BSc), Computer Science (CS)",37200.001366269535
The University of Strathclyde,Doctor of Philosophy (PhD),34815.99978481255
The University of Strathclyde,Master of Business Administration (MBA),45316.42852707477
The University of Strathclyde,Master of Computer Science (MCS),51100.00068313477
The University of Strathclyde,Graduate Certificate,19164.000484171767
The University of Strathclyde,"Bachelor of Science, Electrical Engineering (BSEE)",31499.999573040768
The University of Strathclyde,Master of Mechanical Engineering (MME),34821.089741045136
The University of Strathclyde,"Master of Engineering (MEng / ME), Mechanical Engineering (ME)",45631.99999658432
The University of Teesside,Bachelor of Arts (BA),23980.801485486954
The University of Teesside,Bachelor of Science (BS / BSc),32114.617571507257
The University of Teesside,Bachelor of Engineering (BEng / BE),28758.532343946914
The University of Teesside,Bachelor's Degree,31748.031699470193
The University of Teesside,Master of Science (MS),36174.09554574647
The University of Teesside,Certificate (Cert),33694.00002732539
The University of Teesside,Master of Arts (MA),41503.40672962059
The University of Teesside,Higher National Diploma (HND),16390.24428901365
The University of Wolverhampton,Bachelor of Science (BS / BSc),33135.879267757766
The University of Wolverhampton,Bachelor's Degree,27305.200377186302
The University of Wolverhampton,Bachelor of Arts (BA),25000.0
The University of Wolverhampton,"Bachelor of Science (BS / BSc), Quantity Surveying",27000.00085391846
The University of Wolverhampton,Master of Business Administration (MBA),47999.999146081536
The University of Wolverhampton,Master of Arts (MA),21000.000426959232
The University of Wolverhampton,Master of Science (MS),22500.0
The University of Wolverhampton,Graduate Certificate,30249.999573040768
The University of Wolverhampton,Bachelor of Engineering (BEng / BE),25850.000042695923
University College London,Bachelor of Science (BS / BSc),38355.41228301518
University College London,Master of Science (MS),35618.62424493984
University College London,Bachelor of Arts (BA),29724.73904366558
University College London,Doctor of Philosophy (PhD),41576.33124994214
University College London,Master of Arts (MA),28017.196782714986
University College London,Bachelor of Engineering (BEng / BE),45949.64532468382
University College London,Master of Engineering (MEng / ME),40468.088636758395
University College London,Master of Architecture (MArch),37208.0519815151
University College London,Doctorate (PhD),37999.999146081536
University College London,Master of Computer Science (MCS),45524.99974382446
University College London,Bachelor of Architecture (BArch),39500.000853918464
University College London,Master of Mechanical Engineering (MME),27000.00085391846
University College London,Bachelor's Degree,45000.0
University College London,"Graduate Certificate, Psychology",42603.99872936933
University College London,Master of Regional Planning (MRP),44800.000555047
University College London,"Master of Engineering (MEng / ME), Mechanical Engineering (ME)",40999.99829216308
University College London,"Post Graduate Certificate, Executive Management",43521.00041671221
University College London,Bachelor of Arts and Science (BASc),35000.0
University College London,"Bachelor of Science (BS / BSc), Economics",39499.999786520384
University College London,Bachelor of Liberal Arts (BLA),37888.17061338073
University College London,"Bachelor of Science, Electrical Engineering (BSEE)",36171.50034327522
University of Bath,Bachelor of Science (BS / BSc),33460.01535591172
University of Bath,Master of Science (MS),34635.67446479803
University of Bath,Master of Engineering (MEng / ME),35226.303345215194
University of Bath,Doctor of Philosophy (PhD),36760.971565590124
University of Bath,Bachelor of Engineering (BEng / BE),39035.138699414514
University of Bath,Bachelor of Arts (BA),34492.753403476134
University of Bath,Bachelor's Degree,42000.000853918464
University of Bath,"Bachelor of Science, Mechanical Engineering (BSME)",41676.64592275402
University of Bath,Bachelor of Business Administration (BBA),50000.0
University of Bath,Executive Masters of Business Administration (Exec MBA),62449.99880451416
University of Bath,Doctorate (PhD),40500.000213479616
University of Bath,Master of Mechanical Engineering (MME),28717.413796474506
University of Bath,Master of Management (MMgt / MM),30876.104933342944
University of Bath,Bachelor of Architecture (BArch),31861.704139635876
University of Bath,Master of Civil Engineering (MCE),45999.99829216308
University of Bath,Master of Arts (MA),34250.000213479616
University of Bath,Master's Degree (non-MBA),43000.00128087769
University of Bath,Master of Architecture (MArch),32492.307718582055
University of Birmingham - United Kingdom,Bachelor of Science (BS / BSc),39294.57651532341
University of Birmingham - United Kingdom,Bachelor of Arts (BA),28555.341542770486
University of Birmingham - United Kingdom,Bachelor of Engineering (BEng / BE),33010.88006748537
University of Birmingham - United Kingdom,Master of Science (MS),32870.88588316926
University of Birmingham - United Kingdom,Doctor of Philosophy (PhD),43255.447310389995
University of Birmingham - United Kingdom,Master of Engineering (MEng / ME),30083.90447906403
University of Birmingham - United Kingdom,Bachelor's Degree,33463.0942558696
University of Birmingham - United Kingdom,Master of Arts (MA),22999.99914608154
University of Birmingham - United Kingdom,Master of Business Administration (MBA),20874.999573040768
University of Derby,Bachelor of Science (BS / BSc),25387.275726165215
University of Derby,Bachelor of Arts (BA),26127.200207474136
University of Derby,Master of Science (MS),28610.17009757016
University of Derby,Bachelor of Engineering (BEng / BE),27747.747328446832
University of Derby,Bachelor's Degree,21000.000426959232
University of Derby,Master of Business Administration (MBA),67500.0
University of Derby,"Bachelor of Science, Electrical Engineering (BSEE)",40499.999146081536
University of Derby,"Bachelor of Engineering (BEng / BE), Civil Engineering (CE)",19950.000413942584
University of Derby,Certificate (Cert),22615.000401341676
University of Durham,Bachelor of Arts (BA),33398.31861584632
University of Durham,Bachelor of Science (BS / BSc),37338.04259446107
University of Durham,Master of Science (MS),30493.596479308177
University of Durham,Master of Engineering (MEng / ME),40054.21231961669
University of Durham,Doctor of Philosophy (PhD),35999.99829216308
University of Durham,Master of Arts (MA),27500.0
University of Durham,Bachelor's Degree,26935.765873042183
University of Durham,Bachelor of Engineering (BEng / BE),34817.13420534081
University of Durham,Doctorate (PhD),32999.999146081536
University of Durham,Executive Masters of Business Administration (Exec MBA),63269.99987102923
University of East Anglia,Bachelor of Science (BS / BSc),30286.640856484522
University of East Anglia,Bachelor of Arts (BA),23629.724283657844
University of East Anglia,Master of Science (MS),30339.404563866545
University of East Anglia,Doctor of Philosophy (PhD),32232.557508678958
University of East Anglia,Master of Arts (MA),31213.014557415492
University of East Anglia,Bachelor's Degree,31999.999786520384
University of East Anglia,Master of Computer Science (MCS),28449.999231473386
University of East Anglia,Bachelor of Engineering (BEng / BE),32847.03561101975
University of East Anglia,"Bachelor of Science (BS / BSc), Computer Science (CS)",31999.999786520384
University of East Anglia,Master of Business Administration (MBA),60499.999146081536
University of East Anglia,Master of Environmental Science (MESc),38260.00023909717
University of Edinburgh,Bachelor of Science (BS / BSc),36093.267507844444
University of Edinburgh,Master of Science (MS),32602.549652347338
University of Edinburgh,Bachelor of Arts (BA),30840.21619070362
University of Edinburgh,Master of Arts (MA),34397.50960508135
University of Edinburgh,Doctor of Philosophy (PhD),38782.85371579982
University of Edinburgh,Master of Engineering (MEng / ME),34007.70716749489
University of Edinburgh,Bachelor of Engineering (BEng / BE),42188.10422276683
University of Edinburgh,Master of Computer Science (MCS),42500.0
University of Edinburgh,Doctorate (PhD),43377.37892805075
University of Edinburgh,Bachelor of Commerce (BCom),45000.0
University of Edinburgh,Master of Architecture (MArch),27500.0
University of Edinburgh,Bachelor's Degree,30000.0
University of Edinburgh,Bachelor of Music (BMus / BM),32000.00085391846
University of Edinburgh,Doctor of Science (DS),41250.0
University of Edinburgh,Master of Mechanical Engineering (MME),35931.36850228705
University of Edinburgh,Bachelor of Architecture (BArch),33750.0
University of Edinburgh,Master of Philosophy (MPhil),30000.0
University of Edinburgh,"Master of Business Administration (MBA), Project Management",57000.000853918464
University of Edinburgh,Master's Degree,25000.0
University of Edinburgh,Bachelor of Business Studies (BBS),27000.00085391846
University of Edinburgh,Bachelor of Philosophy (BPh / PhB),45499.999146081536
University of Edinburgh,Bachelor of Business Administration (BBA),29200.000085391846
University of Edinburgh,Bachelor of Landscape Architecture (BLArch),21724.138159490667
University of Edinburgh,Bachelor of Civil Law (BCL),52799.99970112854
University of Glamorgan,Bachelor of Science (BS / BSc),31090.768784309836
University of Glamorgan,Bachelor of Arts (BA),23966.170897184682
University of Glamorgan,Master of Science (MS),22300.7127870237
University of Glamorgan,Bachelor's Degree,22481.036966114163
University of Glamorgan,Bachelor of Engineering (BEng / BE),48594.94974282891
University of Glamorgan,Higher National Diploma (HND),23999.999573040768
University of Glamorgan,Master of Arts (MA),25000.0
University of Glamorgan,Master of Engineering (MEng / ME),40499.999146081536
University of Glamorgan,Doctor of Philosophy (PhD),47166.48790810843
University of Glamorgan,Graduate Certificate,49748.74414985404
University of Glamorgan,"Bachelor of Science (BS / BSc), Multimedia Computing",23999.999573040768
University of Glasgow,Bachelor of Science (BS / BSc),31072.585785865733
University of Glasgow,Master of Science (MS),29816.685187552954
University of Glasgow,Bachelor of Arts (BA),28799.015299453353
University of Glasgow,Bachelor of Engineering (BEng / BE),35962.32044282464
University of Glasgow,Master of Engineering (MEng / ME),34018.95086278871
University of Glasgow,Master of Arts (MA),26063.05408444497
University of Glasgow,Doctor of Philosophy (PhD),34712.60503731495
University of Glasgow,Bachelor of Accountancy (BAcc),32000.00085391846
University of Glasgow,Master of Computer Science (MCS),25307.612639834104
University of Glasgow,Bachelor's Degree,23400.000170783693
University of Glasgow,Master of Design (MDes),45000.0
University of Glasgow,Master of Mechanical Engineering (MME),31499.999573040768
University of Glasgow,Master of Business Administration (MBA),68500.00042695923
University of Glasgow,Doctorate (PhD),35200.00051235108
University of Glasgow,Doctor of Science (DS),61500.00170783692
University of Glasgow,Bachelor of Civil Law (BCL),19499.999786520384
University of Glasgow,Bachelor of Business Studies (BBS),27500.0
University of Glasgow,Master of Medical Science (MMS / MMSc),33500.00042695923
University of Glasgow,"Master of Business Administration (MBA), Finance",46000.00042695923
University of Glasgow,Certificate (Cert),20499.999679780576
University Of Hertfordshire,Bachelor of Science (BS / BSc),29097.178936699045
University Of Hertfordshire,Bachelor of Arts (BA),25603.161005420956
University Of Hertfordshire,Bachelor of Engineering (BEng / BE),40759.923406536866
University Of Hertfordshire,Master of Science (MS),36812.35222380813
University Of Hertfordshire,Bachelor's Degree,27510.000956967648
University Of Hertfordshire,Master of Computer Science (MCS),42500.0
University Of Hertfordshire,Master of Engineering (MEng / ME),37000.000853918464
University Of Hertfordshire,Master of Arts (MA),32999.999146081536
University Of Hertfordshire,Bachelor of Accountancy (BAcc),29600.001110094
University Of Hertfordshire,Bachelor of Business Administration (BBA),25000.0
University Of Hertfordshire,Bachelor of Humanities (BHum),21999.999786520384
University Of Hertfordshire,Master of Management (MMgt / MM),23400.000170783693
University Of Hertfordshire,Doctor of Philosophy (PhD),39034.49894626462
University Of Hertfordshire,"Bachelor of Science (BS / BSc), Computer Science (CS)",32999.999146081536
University Of Hertfordshire,Bachelor of Business Studies (BBS),20000.0
University Of Hertfordshire,Bachelor of Education (BEd),34089.99937663952
University Of Hertfordshire,Certificate (Cert),35000.0
University Of Hertfordshire,Bachelor of Business (BB),31250.0
University of Kent,Bachelor of Science (BS / BSc),29923.31679649263
University of Kent,Bachelor of Arts (BA),25734.874117466894
University of Kent,Master of Science (MS),32106.2985861836
University of Kent,Master of Arts (MA),27001.99803486139
University of Kent,Bachelor of Engineering (BEng / BE),31444.326670556125
University of Kent,Bachelor's Degree,36149.99974382446
University of Kent,Doctor of Philosophy (PhD),34392.231378165765
University of Kent,Bachelor of Business Administration (BBA),28599.391991114906
University of Kent,"Bachelor of Science (BS / BSc), Computer Science (CS)",69814.04569465412
University of Kent,Certificate (Cert),50000.0
University of Kent,"Certificate (Cert), Civil Engineering (CE)",19844.99033288825
University of Kent,Master of Computer Science (MCS),30000.0
University of Kent,"Juris Doctor (JD), Master of Jurisprudence, or Master of Law (LLM)",60212.49974382446
University of Kent,Doctorate (PhD),36972.97166808079
University of Kent,Bachelor of Laws (LLB),60212.49974382446
University of Kent,Bachelor of Accountancy (BAcc),42999.999146081536
University of Kent,Bachelor of Architecture (BArch),44750.00042695923
University of Liverpool,Bachelor of Science (BS / BSc),32553.408071808197
University of Liverpool,Bachelor of Arts (BA),29492.477014488817
University of Liverpool,Master of Science (MS),34299.132875019925
University of Liverpool,Doctor of Philosophy (PhD),31577.256844424166
University of Liverpool,Bachelor of Engineering (BEng / BE),31317.55780310929
University of Liverpool,Master of Arts (MA),28117.600659281827
University of Liverpool,Master of Engineering (MEng / ME),31828.999412504098
University of Liverpool,Bachelor's Degree,37160.99864056181
University of Liverpool,Doctorate (PhD),31750.000213479616
University of Liverpool,"Bachelor of Science (BS / BSc), Computer Science (CS)",36000.00042695923
University of Liverpool,"Master of Business Administration (MBA), Business Administration",49000.00170783692
University of Liverpool,Master of Computer Science (MCS),41730.66465222609
University of Liverpool,Master of Management (MMgt / MM),25799.999914608154
University of Liverpool,"Master of Business Administration (MBA), Strategy",57999.999146081536
University of Liverpool,"Bachelor of Science, Electrical Engineering (BSEE)",44500.000853918464
University of Liverpool,Master of Business Administration (MBA),45000.0
University of Liverpool,Master of Architecture (MArch),30967.74233534165
University of Liverpool,Master of Philosophy (MPhil),53981.48103856253
University of Liverpool,"Master of Business Administration (MBA), Marketing",46999.999786520384
University of Liverpool,"Bachelor of Science, Mechanical Engineering (BSME)",42500.0
University of London,Bachelor of Arts (BA),34721.53668714748
University of London,Bachelor of Science (BS / BSc),40272.40195450572
University of London,Master of Science (MS),35314.52368738685
University of London,Master of Arts (MA),35674.219734713915
University of London,Doctor of Philosophy (PhD),39526.16227518293
University of London,Bachelor of Engineering (BEng / BE),61390.65540051421
University of London,Master of Computer Science (MCS),49500.000853918464
University of London,Bachelor's Degree,25000.0
University of London,Master of Engineering (MEng / ME),66000.00042695923
University of London,Doctor of Science (DS),111999.99658432616
University of London,"Juris Doctor (JD), Master of Jurisprudence, or Master of Law (LLM)",65000.0
University of London,Master of Management (MMgt / MM),40000.0
University of London,"Bachelor of Science, Mechanical Engineering (BSME)",31000.000426959232
University of Plymouth,Bachelor of Science (BS / BSc),26913.92903226878
University of Plymouth,Bachelor of Arts (BA),24576.94317775206
University of Plymouth,Bachelor of Engineering (BEng / BE),29113.439846383935
University of Plymouth,Master of Science (MS),30963.85046466183
University of Plymouth,Bachelor's Degree,25001.666340056898
University of Plymouth,Master of Engineering (MEng / ME),26747.663752929293
University of Plymouth,Master of Computer Science (MCS),42500.0
University of Plymouth,Master of Education (MEd),33832.17682236789
University of Plymouth,Master of Environmental Science (MESc),26500.000640438844
University of Plymouth,Doctor of Philosophy (PhD),36493.150222799544
University of Plymouth,Bachelor of Business Administration (BBA),47224.99982921631
University of Plymouth,Master of Design (MDes),30749.999786520384
University of Sheffield,Bachelor of Science (BS / BSc),32032.72330377677
University of Sheffield,Bachelor of Arts (BA),30127.193409838474
University of Sheffield,Master of Science (MS),28809.570187976886
University of Sheffield,Master of Engineering (MEng / ME),36438.3557717958
University of Sheffield,Doctor of Philosophy (PhD),42118.37543660525
University of Sheffield,Bachelor of Engineering (BEng / BE),41784.92063599817
University of Sheffield,Master of Arts (MA),29946.026977975805
University of Sheffield,Bachelor's Degree,24677.478267753093
University of Sheffield,Master of Computer Science (MCS),32352.30305705662
University of Sheffield,Master of Landscape Architecture (MLA),23503.216638320344
University of Sheffield,Doctorate (PhD),37999.999146081536
University of Sheffield,Master of Mechanical Engineering (MME),32250.000426959232
University of Sheffield,Master of Architecture (MArch),37000.000853918464
University of Sheffield,Bachelor of Landscape Architecture (BLArch),23503.216638320344
University of Sheffield,Bachelor of Humanities (BHum),30000.0
University of Sheffield,"Bachelor of Science, Mechanical Engineering (BSME)",30000.0
University of Sheffield,Bachelor of Technology (BT / BTech),34830.529973888355
University of Sheffield,"Bachelor of Arts (BA), English Literature",16999.999786520384
University of Sheffield,Master of Information Science (MIS),33546.001014455134
University of Sheffield,Bachelor of Music (BMus / BM),31999.999786520384
University of Sheffield,Certificate (Cert),29999.998932601924
University of Sheffield,Master of Management (MMgt / MM),57999.999146081536
University of Sheffield,"Bachelor of Arts (BA), Business Management",20999.999359561156
University of Southampton,Bachelor of Science (BS / BSc),35035.54030234667
University of Southampton,Bachelor of Arts (BA),26982.428183347638
University of Southampton,Master of Science (MS),33928.83060819601
University of Southampton,Master of Engineering (MEng / ME),37213.906074155864
University of Southampton,Bachelor of Engineering (BEng / BE),38045.01583823862
University of Southampton,Doctor of Philosophy (PhD),36174.09554574647
University of Southampton,Master of Arts (MA),24949.28764613373
University of Southampton,Doctorate (PhD),31524.595608796084
University of Southampton,Bachelor's Degree,25311.518812476126
University of Southampton,Master of Computer Science (MCS),33129.14265945311
University of Southampton,"Master of Business Administration (MBA), Strategy",46800.000341567385
University of Southampton,"Doctorate (PhD), Mechanical Engineering (ME)",30000.0
University of Southampton,Master of Environmental Science (MESc),40999.99829216308
University of Southampton,Master of Philosophy (MPhil),29099.999829216307
University of Southampton,"Executive Masters of Business Administration (Exec MBA), Business Management",70999.99829216307
University of Southampton,Bachelor of Business Administration (BBA),40000.0
University of Southampton,"Bachelor of Engineering (BEng / BE), Civil Engineering (CE)",51999.999786520384
University of Southampton,Bachelor of Design (BDes),22500.0
"University of the West of England, Bristol",Bachelor of Science (BS / BSc),30086.49055654217
"University of the West of England, Bristol",Bachelor of Arts (BA),24406.824596996845
"University of the West of England, Bristol",Bachelor's Degree,33250.000853918464
"University of the West of England, Bristol",Master of Science (MS),33999.99957304077
"University of the West of England, Bristol",Bachelor of Engineering (BEng / BE),30339.11057068382
"University of the West of England, Bristol",Master of Arts (MA),34859.99961301435
"University of the West of England, Bristol",Master of Engineering (MEng / ME),31100.38273152177
"University of the West of England, Bristol",Bachelor of Business Studies (BBS),25999.999359561156
"University of the West of England, Bristol","Master of Engineering (MEng / ME), Mechanical Engineering (ME)",29399.999085998024
"University of the West of England, Bristol",Bachelor of Arts and Science (BASc),27964.28597378326
University of Ulster,Bachelor of Science (BS / BSc),25616.112047219405
University of Ulster,Bachelor of Arts (BA),25895.546320607362
University of Ulster,Bachelor of Engineering (BEng / BE),27988.078115751006
University of Ulster,Master of Science (MS),25434.120444167344
University of Ulster,Bachelor of Design (BDes),17639.379174991052
University of Ulster,Bachelor's Degree,38881.998715706635
University of Ulster,Master of Computer Science (MCS),27000.00085391846
University of Ulster,Doctor of Philosophy (PhD),26486.795669250936
University of Ulster,Bachelor of Business Studies (BBS),27454.000479902174
University of Ulster,Bachelor of Business (BB),26250.0
University of Ulster,Graduate Certificate,19883.999446660837
University of Ulster,Master of Arts (MA),23899.999316865233
University of Ulster,Master of Management (MMgt / MM),27500.0
University of Ulster,Master of Business Administration (MBA),70000.0
University of Ulster,Bachelor of Accountancy (BAcc),17999.99914608154
University of Ulster,"Master of Business Administration (MBA), Business & Marketing",35000.0
University of Ulster,Bachelor of Social Work (BSW / BSocW),24172.00009905454
University of Ulster,Associate's Degree,28999.999573040768
University of Ulster,Bachelor of Humanities (BHum),22907.918957346505
University of Ulster,Bachelor of Fine Arts (BFA),17246.376701738067
University of Ulster,"Bachelor of Science (BS / BSc), Computer Science (CS)",38881.998715706635
University of Ulster,Master of Engineering (MEng / ME),29124.999359561156
University of Ulster,Master of Human Services (MHS),22956.522008703938
University of Warwick,Bachelor of Science (BS / BSc),36975.97997252719
University of Warwick,Bachelor of Arts (BA),32117.308228311475
University of Warwick,Master of Science (MS),34941.14117646822
University of Warwick,Bachelor of Engineering (BEng / BE),41485.91823744192
University of Warwick,Master of Arts (MA),31499.999573040914
University of Warwick,Master of Engineering (MEng / ME),35225.662896819114
University of Warwick,Doctor of Philosophy (PhD),35294.44520311682
University of Warwick,Bachelor's Degree,30000.0
University of Warwick,"Master of Business Administration (MBA), Strategy",93590.33683804052
University of Warwick,Master of Business Administration (MBA),72500.0
University of Warwick,Master of Computer Science (MCS),31861.688607868426
University of Warwick,Master of Mechanical Engineering (MME),41500.00170783692
University of Warwick,Doctorate (PhD),40000.0
University of Warwick,"Master of Business Administration (MBA), Finance",60199.16962275398
University of Warwick,"Master of Business Administration (MBA), Accounting & Finance",44249.999146081536
University of Westminster,Bachelor of Arts (BA),28725.607158705803
University of Westminster,Bachelor of Science (BS / BSc),32731.326750101034
University of Westminster,Master of Science (MS),31990.642103426497
University of Westminster,Master of Arts (MA),30931.73611929796
University of Westminster,Bachelor of Business Administration (BBA),28440.269121798814
University of Westminster,Bachelor's Degree,30260.618517681687
University of Westminster,Master of Computer Science (MCS),32500.0
University of Westminster,Bachelor of Engineering (BEng / BE),41546.368447230874
University of Westminster,Bachelor of Business (BB),23638.746395518956
University of Westminster,Master of Journalism (MJ),25000.0
University of Westminster,Bachelor of Business Studies (BBS),29069.2075447304
University of Westminster,Higher National Diploma (HND),40000.0
University of Westminster,"Executive Masters of Business Administration (Exec MBA), Business Management",29096.908119366803
University of Westminster,Master of Management (MMgt / MM),30967.74233534165
University of Westminster,Master of Regional Planning (MRP),44499.999786520384
University of Westminster,"Certificate (Cert), Psychology & Sociology",35492.95691644502
University of Westminster,Master of Business Administration (MBA),50749.999786520384
University of Westminster,"Executive Masters of Business Administration (Exec MBA), Strategy",44250.000213479616
University of Westminster,"Master of Business Administration (MBA), Business Administration",46999.99871912231
University of Westminster,"Bachelor of Arts (BA), Business Management",29491.52520295126
University of Westminster,Post Graduate Certificate,39300.000341567385
